image_file,L1,L2,L3,angle
OLYMPUS DIGITAL CAMERA0001.JPG,0.0,0.0,0.0,0.0
OLYMPUS DIGITAL CAMERA0002.JPG,0.0,0.0,0.0,0.0
OLYMPUS DIGITAL CAMERA0003.JPG,4.525265693664551,3.0949127674102783,2.0744974613189697,84.2504650861803
OLYMPUS DIGITAL CAMERA0004.JPG,7.861316680908203,4.083227157592773,3.6238019466400146,87.67699877095528
OLYMPUS DIGITAL CAMERA0005.JPG,8.475132942199707,4.559881210327148,4.218387603759766,96.85402626178771
OLYMPUS DIGITAL CAMERA0006.JPG,9.652042388916016,4.58044958114624,5.112222194671631,101.74588433352949
OLYMPUS DIGITAL CAMERA0007.JPG,10.831583976745605,6.137149333953857,4.817724227905273,95.00994820543174
OLYMPUS DIGITAL CAMERA0008.JPG,11.115350723266602,6.2359418869018555,5.870551109313965,92.03013522096659
OLYMPUS DIGITAL CAMERA0009.JPG,11.771974563598633,6.239294528961182,6.264557361602783,95.04460557457325
OLYMPUS DIGITAL CAMERA0010.JPG,12.5865478515625,6.718389511108398,6.7896528244018555,92.13763624245048
OLYMPUS DIGITAL CAMERA0011.JPG,13.215703010559082,7.596731185913086,6.634183406829834,90.46905300583734
OLYMPUS DIGITAL CAMERA0012.JPG,13.37549114227295,7.920287132263184,6.93156623840332,90.48477461827055
OLYMPUS DIGITAL CAMERA0013.JPG,13.654714584350586,8.194936752319336,7.0922088623046875,92.95735759163387
OLYMPUS DIGITAL CAMERA0014.JPG,14.083151817321777,8.368159294128418,7.835919380187988,90.69276817591395
OLYMPUS DIGITAL CAMERA0015.JPG,14.943345069885254,8.524770736694336,7.991682052612305,92.71316417037464
OLYMPUS DIGITAL CAMERA0016.JPG,14.79850959777832,8.7429780960083,8.507711410522461,92.18104389084004
OLYMPUS DIGITAL CAMERA0017.JPG,15.50486946105957,9.280033111572266,8.6688814163208,90.31769701826397
OLYMPUS DIGITAL CAMERA0018.JPG,15.728227615356445,9.347990989685059,8.593274116516113,93.24232842721563
OLYMPUS DIGITAL CAMERA0019.JPG,16.199859619140625,9.888484001159668,9.36258602142334,89.24079521357734
OLYMPUS DIGITAL CAMERA0020.JPG,15.96737003326416,10.258233070373535,9.417984962463379,91.84077387634169
OLYMPUS DIGITAL CAMERA0021.JPG,16.24224281311035,10.562458038330078,9.791674613952637,91.96763275769594
OLYMPUS DIGITAL CAMERA0022.JPG,16.432729721069336,10.785001754760742,10.015570640563965,93.39997681454543
OLYMPUS DIGITAL CAMERA0023.JPG,16.52134132385254,10.799915313720703,10.770618438720703,91.36833232353872
OLYMPUS DIGITAL CAMERA0024.JPG,16.752758026123047,11.41783332824707,10.850592613220215,91.58056429210255
OLYMPUS DIGITAL CAMERA0025.JPG,17.07964324951172,11.598445892333984,11.30661392211914,90.54265677072014
OLYMPUS DIGITAL CAMERA0026.JPG,17.14327049255371,11.872367858886719,11.60315990447998,91.01185344720973
OLYMPUS DIGITAL CAMERA0027.JPG,17.141244888305664,12.407654762268066,11.460892677307129,89.82836267899947
OLYMPUS DIGITAL CAMERA0028.JPG,17.23214340209961,12.469600677490234,12.37239933013916,90.49487737086082
OLYMPUS DIGITAL CAMERA0029.JPG,17.355918884277344,13.062784194946289,12.229430198669434,90.25673561048296
OLYMPUS DIGITAL CAMERA0030.JPG,17.355459213256836,12.914605140686035,12.134705543518066,93.55746513605241
OLYMPUS DIGITAL CAMERA0031.JPG,17.646350860595703,13.754556655883789,12.213871002197266,91.85773972426271
OLYMPUS DIGITAL CAMERA0032.JPG,17.457748413085938,13.527689933776855,12.884797096252441,93.04212369775422
OLYMPUS DIGITAL CAMERA0033.JPG,17.68069839477539,13.914463996887207,13.102896690368652,91.55299406430754
OLYMPUS DIGITAL CAMERA0034.JPG,17.79867935180664,14.2138090133667,13.337864875793457,91.6497386937078
OLYMPUS DIGITAL CAMERA0035.JPG,17.811723709106445,14.65573787689209,13.253259658813477,91.8501205019525
OLYMPUS DIGITAL CAMERA0036.JPG,17.936159133911133,14.960528373718262,13.407480239868164,91.04683211554419
OLYMPUS DIGITAL CAMERA0037.JPG,18.061325073242188,14.976447105407715,13.70964241027832,90.41231622557895
OLYMPUS DIGITAL CAMERA0038.JPG,18.293806076049805,15.421621322631836,13.721304893493652,90.79724706045361
OLYMPUS DIGITAL CAMERA0039.JPG,18.385812759399414,15.491235733032227,13.720380783081055,93.93177061214055
OLYMPUS DIGITAL CAMERA0040.JPG,18.634458541870117,16.026371002197266,14.339583396911621,90.29795724644958
OLYMPUS DIGITAL CAMERA0041.JPG,19.082664489746094,16.167875289916992,14.395610809326172,92.7748716220026
OLYMPUS DIGITAL CAMERA0042.JPG,19.143951416015625,16.55291175842285,14.405843734741211,93.39658285936956
OLYMPUS DIGITAL CAMERA0043.JPG,19.319101333618164,16.485023498535156,14.78475570678711,95.05225603680177
OLYMPUS DIGITAL CAMERA0044.JPG,19.615215301513672,17.024187088012695,14.033308029174805,98.78874585245741
OLYMPUS DIGITAL CAMERA0045.JPG,19.583181381225586,17.09330177307129,14.40234088897705,97.99602311060563
OLYMPUS DIGITAL CAMERA0046.JPG,19.951414108276367,17.61155891418457,14.636688232421875,96.56761100116918
OLYMPUS DIGITAL CAMERA0047.JPG,20.047855377197266,17.837474822998047,15.237763404846191,94.2321143355545
OLYMPUS DIGITAL CAMERA0048.JPG,20.342233657836914,18.132253646850586,14.934865951538086,93.82629624163683
OLYMPUS DIGITAL CAMERA0049.JPG,20.478321075439453,18.136756896972656,14.939903259277344,94.5056555340697
OLYMPUS DIGITAL CAMERA0050.JPG,20.75017738342285,18.072864532470703,15.84476375579834,92.72037620497007
OLYMPUS DIGITAL CAMERA0051.JPG,20.705991744995117,18.1575927734375,15.096806526184082,96.91759616559834
OLYMPUS DIGITAL CAMERA0052.JPG,20.84234046936035,18.526063919067383,15.692963600158691,94.74871815180015
OLYMPUS DIGITAL CAMERA0053.JPG,20.726511001586914,18.3877010345459,15.612052917480469,96.46094122797335
OLYMPUS DIGITAL CAMERA0054.JPG,21.214019775390625,18.53811264038086,15.557703018188477,97.3386334128463
OLYMPUS DIGITAL CAMERA0055.JPG,21.152223587036133,18.606502532958984,16.07400894165039,96.6351495999907
OLYMPUS DIGITAL CAMERA0056.JPG,21.138484954833984,18.36496353149414,16.06968879699707,100.08434392122024
OLYMPUS DIGITAL CAMERA0057.JPG,21.41977882385254,18.66274070739746,16.373472213745117,99.77209984869347
OLYMPUS DIGITAL CAMERA0058.JPG,21.4045467376709,18.809980392456055,16.373472213745117,99.69049765209999
OLYMPUS DIGITAL CAMERA0059.JPG,21.511186599731445,19.104393005371094,16.66558074951172,98.87532657105842
OLYMPUS DIGITAL CAMERA0060.JPG,21.66758918762207,19.409420013427734,16.605485916137695,98.4627413846484
OLYMPUS DIGITAL CAMERA0061.JPG,21.729156494140625,19.390548706054688,16.533933639526367,98.38439833831387
OLYMPUS DIGITAL CAMERA0062.JPG,21.9162540435791,19.50179672241211,16.615293502807617,98.09385853274166
OLYMPUS DIGITAL CAMERA0063.JPG,21.9162540435791,19.433916091918945,16.615293502807617,98.35783273629497
OLYMPUS DIGITAL CAMERA0064.JPG,22.062917709350586,19.62474822998047,16.903881072998047,96.51614939769831
OLYMPUS DIGITAL CAMERA0065.JPG,22.321569442749023,19.776836395263672,17.290205001831055,95.10722229178752
OLYMPUS DIGITAL CAMERA0066.JPG,22.331405639648438,19.929433822631836,17.451923370361328,94.49416075103647
OLYMPUS DIGITAL CAMERA0067.JPG,22.366544723510742,19.614276885986328,18.12050437927246,95.31268149650336
OLYMPUS DIGITAL CAMERA0068.JPG,22.33319091796875,19.767053604125977,18.331645965576172,96.32281196299397
OLYMPUS DIGITAL CAMERA0069.JPG,22.444515228271484,20.063495635986328,17.272605895996094,99.37948576064855
OLYMPUS DIGITAL CAMERA0070.JPG,22.474409103393555,20.482240676879883,17.94320297241211,97.80360393213223
OLYMPUS DIGITAL CAMERA0071.JPG,22.919557571411133,20.5508975982666,17.810623168945312,98.62369121939628
OLYMPUS DIGITAL CAMERA0072.JPG,23.249042510986328,20.70269775390625,18.356170654296875,96.74664084520128
OLYMPUS DIGITAL CAMERA0073.JPG,23.886850357055664,20.534900665283203,18.948259353637695,95.80409106442987
OLYMPUS DIGITAL CAMERA0074.JPG,23.471372604370117,20.78951644897461,18.558719635009766,97.0108739942522
OLYMPUS DIGITAL CAMERA0075.JPG,24.048837661743164,20.774837493896484,18.874971389770508,95.66897576765341
OLYMPUS DIGITAL CAMERA0076.JPG,23.66815948486328,20.62982177734375,17.985193252563477,99.75860681880512
OLYMPUS DIGITAL CAMERA0077.JPG,24.093727111816406,20.778581619262695,18.459774017333984,98.64715423227379
OLYMPUS DIGITAL CAMERA0078.JPG,23.848905563354492,20.705541610717773,18.297019958496094,100.32189381698572
OLYMPUS DIGITAL CAMERA0079.JPG,24.292200088500977,21.02224349975586,18.6783447265625,100.63421749672905
OLYMPUS DIGITAL CAMERA0080.JPG,23.759946823120117,20.970359802246094,18.675519943237305,103.10747233697161
OLYMPUS DIGITAL CAMERA0081.JPG,24.197837829589844,21.100360870361328,19.505096435546875,100.20496659580876
OLYMPUS DIGITAL CAMERA0082.JPG,24.378028869628906,21.424283981323242,19.119915008544922,101.26292905476267
OLYMPUS DIGITAL CAMERA0083.JPG,24.369901657104492,21.77739143371582,19.423505783081055,99.46738287535817
OLYMPUS DIGITAL CAMERA0084.JPG,24.214031219482422,21.650493621826172,18.982149124145508,101.89273751740856
OLYMPUS DIGITAL CAMERA0085.JPG,24.612045288085938,22.014949798583984,19.132781982421875,100.56090770999506
OLYMPUS DIGITAL CAMERA0086.JPG,24.341299057006836,21.4160099029541,19.606210708618164,101.09882850739392
OLYMPUS DIGITAL CAMERA0087.JPG,24.707008361816406,22.012441635131836,19.285232543945312,100.0792493347518
OLYMPUS DIGITAL CAMERA0088.JPG,24.59544563293457,22.014949798583984,19.441001892089844,101.32424941518616
OLYMPUS DIGITAL CAMERA0089.JPG,24.8343448638916,22.100404739379883,19.6535701751709,100.69623460458085
OLYMPUS DIGITAL CAMERA0090.JPG,24.834699630737305,22.32610321044922,19.59308433532715,101.50120531276188
OLYMPUS DIGITAL CAMERA0091.JPG,24.850387573242188,22.485546112060547,19.513195037841797,101.63721974229654
OLYMPUS DIGITAL CAMERA0092.JPG,25.051448822021484,22.15791893005371,20.143409729003906,100.75912736072034
OLYMPUS DIGITAL CAMERA0093.JPG,24.820823669433594,22.244426727294922,19.7535343170166,101.70973391882949
OLYMPUS DIGITAL CAMERA0094.JPG,25.233577728271484,22.566410064697266,19.685335159301758,100.45300340285445
OLYMPUS DIGITAL CAMERA0095.JPG,25.513715744018555,22.263505935668945,20.44401741027832,99.86799023980213
OLYMPUS DIGITAL CAMERA0096.JPG,25.70682144165039,23.02752685546875,19.99323844909668,98.81888483819729
OLYMPUS DIGITAL CAMERA0097.JPG,25.042072296142578,22.16852378845215,20.23616600036621,101.32427118331796
OLYMPUS DIGITAL CAMERA0098.JPG,25.62649154663086,22.633075714111328,21.613109588623047,96.98958095590969
OLYMPUS DIGITAL CAMERA0099.JPG,25.67837905883789,22.942577362060547,21.73533821105957,96.80268668821508
OLYMPUS DIGITAL CAMERA0100.JPG,25.53158187866211,22.86916160583496,22.041015625,96.94365893668049
OLYMPUS DIGITAL CAMERA0101.JPG,25.537357330322266,22.945335388183594,22.09192657470703,98.083477530231
OLYMPUS DIGITAL CAMERA0102.JPG,25.643259048461914,22.863500595092773,22.268022537231445,99.05293705472027
OLYMPUS DIGITAL CAMERA0103.JPG,25.694978713989258,23.101306915283203,22.31924057006836,98.52703323053044
OLYMPUS DIGITAL CAMERA0104.JPG,25.808713912963867,23.025436401367188,22.56365966796875,98.08138808180249
OLYMPUS DIGITAL CAMERA0105.JPG,26.34716796875,23.180952072143555,22.387264251708984,98.46499772302398
OLYMPUS DIGITAL CAMERA0106.JPG,26.30460548400879,22.982595443725586,22.320798873901367,98.94441605230867
OLYMPUS DIGITAL CAMERA0107.JPG,26.180034637451172,23.180952072143555,22.24182891845703,98.51401722563618
OLYMPUS DIGITAL CAMERA0108.JPG,26.32029151916504,23.097272872924805,22.77692222595215,97.59475610169314
OLYMPUS DIGITAL CAMERA0109.JPG,26.286544799804688,23.097272872924805,23.208866119384766,96.69945143643922
OLYMPUS DIGITAL CAMERA0110.JPG,26.41034698486328,23.09686279296875,23.51054573059082,95.85365574868436
OLYMPUS DIGITAL CAMERA0111.JPG,26.849027633666992,23.253511428833008,23.44286346435547,95.99297433773049
OLYMPUS DIGITAL CAMERA0112.JPG,27.266416549682617,23.253511428833008,23.374053955078125,96.94804580490981
OLYMPUS DIGITAL CAMERA0113.JPG,27.287647247314453,23.134462356567383,23.3853702545166,98.50170780908591
OLYMPUS DIGITAL CAMERA0114.JPG,27.262929916381836,23.1754207611084,23.472370147705078,98.44070695815495
OLYMPUS DIGITAL CAMERA0115.JPG,27.372079849243164,23.332202911376953,24.04439926147461,97.42954931041065
OLYMPUS DIGITAL CAMERA0116.JPG,27.83249282836914,23.490720748901367,23.85178565979004,97.6044418615587
OLYMPUS DIGITAL CAMERA0117.JPG,27.840103149414062,23.568273544311523,23.855440139770508,98.1341803762597
OLYMPUS DIGITAL CAMERA0118.JPG,27.83249282836914,23.490720748901367,24.223947525024414,98.01500649823959
OLYMPUS DIGITAL CAMERA0119.JPG,28.07517433166504,23.570539474487305,23.96026039123535,98.63530941667136
OLYMPUS DIGITAL CAMERA0120.JPG,27.955047607421875,23.647846221923828,24.134536743164062,99.82718481861035
OLYMPUS DIGITAL CAMERA0121.JPG,27.968551635742188,23.365741729736328,24.646970748901367,100.2537965616593
OLYMPUS DIGITAL CAMERA0122.JPG,28.075481414794922,23.493427276611328,24.885787963867188,99.87774390783969
OLYMPUS DIGITAL CAMERA0123.JPG,28.062891006469727,23.339826583862305,25.06476402282715,100.1767715809765
OLYMPUS DIGITAL CAMERA0124.JPG,28.079748153686523,23.72535514831543,24.667709350585938,100.64694585471756
OLYMPUS DIGITAL CAMERA0125.JPG,27.968551635742188,23.365741729736328,24.843761444091797,101.60164652959683
OLYMPUS DIGITAL CAMERA0126.JPG,28.1953182220459,23.426727294921875,25.24329376220703,100.21788475936117
OLYMPUS DIGITAL CAMERA0127.JPG,28.074222564697266,23.7277889251709,25.04471778869629,100.26654057725978
OLYMPUS DIGITAL CAMERA0128.JPG,28.655879974365234,23.65072250366211,25.06291961669922,100.4521673447654
OLYMPUS DIGITAL CAMERA0129.JPG,28.89321517944336,23.659643173217773,25.324426651000977,100.09546037183966
OLYMPUS DIGITAL CAMERA0130.JPG,28.728294372558594,23.66068458557129,25.40421485900879,100.6034273503058
OLYMPUS DIGITAL CAMERA0131.JPG,29.04246711730957,23.589740753173828,25.70513916015625,99.90662010107397
OLYMPUS DIGITAL CAMERA0132.JPG,28.68226432800293,23.367919921875,25.3128662109375,101.69400319028789
OLYMPUS DIGITAL CAMERA0133.JPG,28.955352783203125,23.366365432739258,25.610401153564453,100.78383549316122
OLYMPUS DIGITAL CAMERA0134.JPG,28.83091926574707,23.732929229736328,25.290149688720703,100.29971057076786
OLYMPUS DIGITAL CAMERA0135.JPG,29.276365280151367,23.591392517089844,25.76512908935547,99.70145353647624
OLYMPUS DIGITAL CAMERA0136.JPG,29.305580139160156,23.526884078979492,25.456539154052734,100.82828569508533
OLYMPUS DIGITAL CAMERA0137.JPG,29.73766326904297,23.527727127075195,25.754657745361328,99.928673936982
OLYMPUS DIGITAL CAMERA0138.JPG,29.491186141967773,23.446863174438477,25.682336807250977,100.3550184345359
OLYMPUS DIGITAL CAMERA0139.JPG,29.382577896118164,23.674692153930664,25.362340927124023,101.02950010507094
OLYMPUS DIGITAL CAMERA0140.JPG,29.873571395874023,23.83245277404785,26.16547966003418,97.8567525546033
OLYMPUS DIGITAL CAMERA0141.JPG,29.75114631652832,23.91318130493164,26.018278121948242,98.104608904159
OLYMPUS DIGITAL CAMERA0142.JPG,29.639413833618164,23.841758728027344,25.437698364257812,100.02142555879583
OLYMPUS DIGITAL CAMERA0143.JPG,29.63515281677246,24.057355880737305,25.5196533203125,99.17888940086357
OLYMPUS DIGITAL CAMERA0144.JPG,30.513551712036133,23.92898178100586,26.1500244140625,97.78196584635768
OLYMPUS DIGITAL CAMERA0145.JPG,30.50758171081543,23.92898178100586,26.1500244140625,97.78196584635768
OLYMPUS DIGITAL CAMERA0146.JPG,30.515769958496094,24.161815643310547,26.05984115600586,97.4355186785149
OLYMPUS DIGITAL CAMERA0147.JPG,30.61187744140625,24.155515670776367,26.38912582397461,96.7970574347009
OLYMPUS DIGITAL CAMERA0148.JPG,30.490135192871094,23.997255325317383,26.395410537719727,97.17259594576157
OLYMPUS DIGITAL CAMERA0149.JPG,30.63729476928711,24.09315299987793,26.052745819091797,98.0145848846457
OLYMPUS DIGITAL CAMERA0150.JPG,30.500986099243164,24.222118377685547,25.81052589416504,97.91695554697941
OLYMPUS DIGITAL CAMERA0151.JPG,30.52204704284668,24.388534545898438,25.815570831298828,97.1566174618167
OLYMPUS DIGITAL CAMERA0152.JPG,30.73208999633789,23.862218856811523,26.203510284423828,97.80305068637206
OLYMPUS DIGITAL CAMERA0153.JPG,30.744157791137695,24.08863639831543,25.95944595336914,97.88904699548473
OLYMPUS DIGITAL CAMERA0154.JPG,30.979867935180664,24.560285568237305,26.388246536254883,95.48110461375481
OLYMPUS DIGITAL CAMERA0155.JPG,30.754344940185547,24.469789505004883,26.255796432495117,97.1285258909467
OLYMPUS DIGITAL CAMERA0156.JPG,30.989171981811523,24.34075927734375,27.13407325744629,97.19023281949721
OLYMPUS DIGITAL CAMERA0157.JPG,30.873964309692383,24.34075927734375,27.628149032592773,96.81508985100332
OLYMPUS DIGITAL CAMERA0158.JPG,31.391143798828125,24.41706657409668,27.626174926757812,98.05162043620362
OLYMPUS DIGITAL CAMERA0159.JPG,31.391143798828125,24.647188186645508,27.912281036376953,96.99098775975865
OLYMPUS DIGITAL CAMERA0160.JPG,31.278884887695312,24.562747955322266,28.1765079498291,96.77038536703988
OLYMPUS DIGITAL CAMERA0161.JPG,31.47027015686035,24.578195571899414,28.618616104125977,95.8762345874701
OLYMPUS DIGITAL CAMERA0162.JPG,31.25663185119629,24.70537567138672,27.8048152923584,97.41075059242033
OLYMPUS DIGITAL CAMERA0163.JPG,31.52838706970215,24.425912857055664,28.49540901184082,96.26096172516677
OLYMPUS DIGITAL CAMERA0164.JPG,31.81283187866211,24.584136962890625,28.344913482666016,95.93668722483483
OLYMPUS DIGITAL CAMERA0165.JPG,31.558752059936523,24.651714324951172,28.120418548583984,96.39125981396221
OLYMPUS DIGITAL CAMERA0166.JPG,31.659996032714844,24.42764663696289,28.42656707763672,96.44317135803068
OLYMPUS DIGITAL CAMERA0167.JPG,32.03780746459961,25.408662796020508,28.17050552368164,95.08809210582655
OLYMPUS DIGITAL CAMERA0168.JPG,32.25602340698242,25.35287857055664,28.60358238220215,94.0731785799609
OLYMPUS DIGITAL CAMERA0169.JPG,32.36079788208008,25.298587799072266,28.906919479370117,93.44291064505589
OLYMPUS DIGITAL CAMERA0170.JPG,32.22834777832031,25.36947250366211,28.419551849365234,94.25560715282852
OLYMPUS DIGITAL CAMERA0171.JPG,32.360591888427734,25.290185928344727,28.69393539428711,94.01929837304169
OLYMPUS DIGITAL CAMERA0172.JPG,32.3835563659668,25.63233184814453,28.110187530517578,95.74307395870711
OLYMPUS DIGITAL CAMERA0173.JPG,32.63288116455078,25.420576095581055,29.07319450378418,95.07771637372613
OLYMPUS DIGITAL CAMERA0174.JPG,32.2958869934082,25.475666046142578,28.696640014648438,95.91965470706621
OLYMPUS DIGITAL CAMERA0175.JPG,32.511810302734375,25.712671279907227,29.1038761138916,94.27398043755522
OLYMPUS DIGITAL CAMERA0176.JPG,32.52713394165039,25.713768005371094,29.117576599121094,94.60218869631473
OLYMPUS DIGITAL CAMERA0177.JPG,32.517948150634766,25.782337188720703,28.80954933166504,94.86878479710307
OLYMPUS DIGITAL CAMERA0178.JPG,32.63434982299805,25.867740631103516,29.166004180908203,94.10637587364177
OLYMPUS DIGITAL CAMERA0179.JPG,32.51838302612305,25.555553436279297,29.160051345825195,94.50885127359705
OLYMPUS DIGITAL CAMERA0180.JPG,32.74732208251953,25.662410736083984,29.485681533813477,93.48028661242009
OLYMPUS DIGITAL CAMERA0181.JPG,33.22733688354492,25.86960220336914,29.27293586730957,93.37853862730535
OLYMPUS DIGITAL CAMERA0182.JPG,32.87836837768555,26.117008209228516,29.322710037231445,93.19962885212615
OLYMPUS DIGITAL CAMERA0183.JPG,32.76449966430664,25.654184341430664,29.48447608947754,94.19762978614513
OLYMPUS DIGITAL CAMERA0184.JPG,32.87836837768555,26.117008209228516,29.322710037231445,93.19962885212615
OLYMPUS DIGITAL CAMERA0185.JPG,33.00347137451172,25.60182762145996,29.38405418395996,94.30639513553261
OLYMPUS DIGITAL CAMERA0186.JPG,32.87836837768555,26.039493560791016,29.25411605834961,93.54828522068186
OLYMPUS DIGITAL CAMERA0187.JPG,33.12442398071289,25.9388370513916,30.094532012939453,91.79722548309338
OLYMPUS DIGITAL CAMERA0188.JPG,33.00765609741211,26.138214111328125,29.237749099731445,94.07800863915134
OLYMPUS DIGITAL CAMERA0189.JPG,33.00765609741211,26.357267379760742,29.10422706604004,94.56975030154074
OLYMPUS DIGITAL CAMERA0190.JPG,32.99543762207031,25.955524444580078,29.501693725585938,95.4084244921278
OLYMPUS DIGITAL CAMERA0191.JPG,32.98954772949219,26.264251708984375,29.304338455200195,94.86850802960754
OLYMPUS DIGITAL CAMERA0192.JPG,33.252281188964844,26.443967819213867,29.607152938842773,93.78578369547299
OLYMPUS DIGITAL CAMERA0193.JPG,33.13230514526367,26.284624099731445,29.40839195251465,94.63122326596235
OLYMPUS DIGITAL CAMERA0194.JPG,33.25180435180664,26.672203063964844,29.20052146911621,94.6329269863929
OLYMPUS DIGITAL CAMERA0195.JPG,33.373260498046875,26.685285568237305,29.50478744506836,94.18820964811984
OLYMPUS DIGITAL CAMERA0196.JPG,33.25606155395508,26.757410049438477,29.35753059387207,94.39547591664625
OLYMPUS DIGITAL CAMERA0197.JPG,33.34669876098633,26.45768928527832,29.847978591918945,93.78798611757979
OLYMPUS DIGITAL CAMERA0198.JPG,33.252281188964844,26.514883041381836,29.28142547607422,95.10539093624513
OLYMPUS DIGITAL CAMERA0199.JPG,33.35658645629883,26.75214195251465,29.73527717590332,93.08168941163792
OLYMPUS DIGITAL CAMERA0200.JPG,33.356109619140625,26.663000106811523,29.949913024902344,93.99459808763714
OLYMPUS DIGITAL CAMERA0201.JPG,33.35983657836914,26.694007873535156,30.28743553161621,93.4458835190865
OLYMPUS DIGITAL CAMERA0202.JPG,33.95148468017578,26.688396453857422,30.49529457092285,93.5900900128612
OLYMPUS DIGITAL CAMERA0203.JPG,33.70566940307617,26.810379028320312,29.884784698486328,94.41401187583
OLYMPUS DIGITAL CAMERA0204.JPG,33.91743469238281,26.68910026550293,30.43194007873535,94.01605160372615
OLYMPUS DIGITAL CAMERA0205.JPG,33.68745422363281,26.83165740966797,30.275257110595703,94.08717282117104
OLYMPUS DIGITAL CAMERA0206.JPG,34.04156494140625,27.013225555419922,30.795963287353516,93.08955083083067
OLYMPUS DIGITAL CAMERA0207.JPG,33.792572021484375,26.918004989624023,30.64713478088379,93.90237011087633
OLYMPUS DIGITAL CAMERA0208.JPG,33.90282440185547,26.86321449279785,30.884906768798828,93.4759138537354
OLYMPUS DIGITAL CAMERA0209.JPG,33.876983642578125,27.37222671508789,30.78985595703125,93.49361585737452
OLYMPUS DIGITAL CAMERA0210.JPG,34.12453842163086,27.335744857788086,31.003116607666016,93.47000107114043
OLYMPUS DIGITAL CAMERA0211.JPG,34.103782653808594,27.379642486572266,30.683406829833984,94.0982227907456
OLYMPUS DIGITAL CAMERA0212.JPG,34.10553741455078,27.70866584777832,30.88077163696289,92.62735189928108
OLYMPUS DIGITAL CAMERA0213.JPG,34.34724044799805,27.28538703918457,30.997413635253906,95.42404186464299
OLYMPUS DIGITAL CAMERA0214.JPG,34.363182067871094,27.374662399291992,31.290592193603516,94.53998081720108
OLYMPUS DIGITAL CAMERA0215.JPG,34.24382400512695,27.349857330322266,31.13324737548828,95.56637464651222
OLYMPUS DIGITAL CAMERA0216.JPG,34.36256408691406,27.579334259033203,31.485824584960938,95.1441368173511
OLYMPUS DIGITAL CAMERA0217.JPG,34.68529510498047,27.887910842895508,31.548507690429688,94.30598245164042
OLYMPUS DIGITAL CAMERA0218.JPG,34.68326187133789,28.197769165039062,31.481603622436523,93.80593726496892
OLYMPUS DIGITAL CAMERA0219.JPG,34.55675506591797,28.318592071533203,30.82075309753418,95.39241904379467
OLYMPUS DIGITAL CAMERA0220.JPG,34.679771423339844,28.407470703125,30.97809410095215,94.8565197362435
OLYMPUS DIGITAL CAMERA0221.JPG,34.559043884277344,28.321264266967773,30.901399612426758,95.2001217382086
OLYMPUS DIGITAL CAMERA0222.JPG,34.82383346557617,28.199230194091797,31.51120948791504,94.4021019348987
OLYMPUS DIGITAL CAMERA0223.JPG,34.677490234375,28.480825424194336,30.897626876831055,94.88296007237582
OLYMPUS DIGITAL CAMERA0224.JPG,34.826168060302734,28.283267974853516,31.578216552734375,93.76540257210796
OLYMPUS DIGITAL CAMERA0225.JPG,34.67563247680664,28.407470703125,31.178560256958008,94.365487026122
OLYMPUS DIGITAL CAMERA0226.JPG,34.69914627075195,28.34185028076172,31.20639991760254,94.48726413952883
OLYMPUS DIGITAL CAMERA0227.JPG,34.80316162109375,28.19172477722168,31.42966079711914,94.57734361042523
OLYMPUS DIGITAL CAMERA0228.JPG,34.806068420410156,28.348255157470703,31.416240692138672,93.97002691988762
OLYMPUS DIGITAL CAMERA0229.JPG,34.82474136352539,27.74222183227539,31.591535568237305,95.21068464636602
OLYMPUS DIGITAL CAMERA0230.JPG,34.82383346557617,28.199230194091797,31.10252571105957,95.10170938312055
OLYMPUS DIGITAL CAMERA0231.JPG,35.04216766357422,28.580760955810547,31.06553077697754,94.33817503773717
OLYMPUS DIGITAL CAMERA0232.JPG,34.79912567138672,28.259445190429688,30.988468170166016,95.48495996631182
OLYMPUS DIGITAL CAMERA0233.JPG,35.03512954711914,28.36309814453125,31.78411865234375,93.3996706246891
OLYMPUS DIGITAL CAMERA0234.JPG,35.17329406738281,28.139192581176758,31.567171096801758,95.37408235352092
OLYMPUS DIGITAL CAMERA0235.JPG,35.15375518798828,28.50712013244629,31.822696685791016,94.81362247884516
OLYMPUS DIGITAL CAMERA0236.JPG,35.170433044433594,28.432411193847656,31.990947723388672,95.50139202435659
OLYMPUS DIGITAL CAMERA0237.JPG,35.17583465576172,28.435657501220703,32.12729263305664,94.87196934522782
OLYMPUS DIGITAL CAMERA0238.JPG,35.89714813232422,28.451383590698242,32.42336654663086,94.45853081378141
OLYMPUS DIGITAL CAMERA0239.JPG,35.772491455078125,28.674577713012695,32.32920837402344,94.20224059305006
OLYMPUS DIGITAL CAMERA0240.JPG,35.68750762939453,28.51166534423828,32.043636322021484,95.23441518793172
OLYMPUS DIGITAL CAMERA0241.JPG,35.82520294189453,28.665943145751953,32.519187927246094,94.07985319360283
OLYMPUS DIGITAL CAMERA0242.JPG,35.92196273803711,28.597515106201172,32.74130630493164,93.7036768507748
OLYMPUS DIGITAL CAMERA0243.JPG,35.93898010253906,28.523284912109375,32.756805419921875,94.16338002883184
OLYMPUS DIGITAL CAMERA0244.JPG,35.95375442504883,28.597259521484375,32.39904022216797,94.54125009341178
OLYMPUS DIGITAL CAMERA0245.JPG,36.050418853759766,29.19376564025879,32.66219711303711,93.83632530961245
OLYMPUS DIGITAL CAMERA0246.JPG,36.05378723144531,29.26997184753418,32.66219711303711,93.67518243782645
OLYMPUS DIGITAL CAMERA0247.JPG,36.16676330566406,29.209510803222656,32.89960861206055,93.29691258610251
OLYMPUS DIGITAL CAMERA0248.JPG,36.16845703125,29.356243133544922,32.60501480102539,93.65447963286373
OLYMPUS DIGITAL CAMERA0249.JPG,36.1844596862793,29.150901794433594,32.648033142089844,93.45256252300446
OLYMPUS DIGITAL CAMERA0250.JPG,36.28855895996094,29.069169998168945,32.643653869628906,93.91481891123141
OLYMPUS DIGITAL CAMERA0251.JPG,36.303245544433594,29.076919555664062,32.591644287109375,94.05630398597913
OLYMPUS DIGITAL CAMERA0252.JPG,36.42981719970703,29.318904876708984,31.92768096923828,94.87892159225639
OLYMPUS DIGITAL CAMERA0253.JPG,36.40438461303711,28.93294334411621,33.22772979736328,93.19097264402916
OLYMPUS DIGITAL CAMERA0254.JPG,36.40732955932617,29.07898712158203,32.65468978881836,93.9011793248098
OLYMPUS DIGITAL CAMERA0255.JPG,36.41041564941406,29.23855209350586,33.14849090576172,92.74328850017497
OLYMPUS DIGITAL CAMERA0256.JPG,36.529998779296875,29.54391860961914,32.642704010009766,92.99795341686728
OLYMPUS DIGITAL CAMERA0257.JPG,36.40446090698242,29.383718490600586,32.57496643066406,93.45096349227693
OLYMPUS DIGITAL CAMERA0258.JPG,36.655879974365234,29.464223861694336,32.82421875,93.93747873644647
OLYMPUS DIGITAL CAMERA0259.JPG,36.546592712402344,29.462125778198242,33.10734939575195,93.59263712596027
OLYMPUS DIGITAL CAMERA0260.JPG,36.4080924987793,29.667327880859375,32.22115707397461,94.81945556843496
OLYMPUS DIGITAL CAMERA0261.JPG,36.305152893066406,29.59446907043457,32.386260986328125,94.61112070224364
OLYMPUS DIGITAL CAMERA0262.JPG,36.54729080200195,29.683034896850586,32.479942321777344,95.1331597005148
OLYMPUS DIGITAL CAMERA0263.JPG,36.55256271362305,29.909515380859375,33.16453170776367,93.94381976390737
OLYMPUS DIGITAL CAMERA0264.JPG,36.55256271362305,29.757038116455078,33.37530517578125,94.07051191696398
OLYMPUS DIGITAL CAMERA0265.JPG,36.54376983642578,29.53557777404785,33.68130111694336,93.84034663910072
OLYMPUS DIGITAL CAMERA0266.JPG,36.54670715332031,29.838045120239258,33.71796798706055,92.87400504411018
OLYMPUS DIGITAL CAMERA0267.JPG,36.55006790161133,29.82699203491211,33.45462417602539,94.32006862687601
OLYMPUS DIGITAL CAMERA0268.JPG,36.982627868652344,29.77439308166504,33.57050323486328,93.91431486258529
OLYMPUS DIGITAL CAMERA0269.JPG,36.98991775512695,29.683656692504883,33.13606643676758,94.77138547559737
OLYMPUS DIGITAL CAMERA0270.JPG,37.02401351928711,30.224821090698242,33.138301849365234,94.25447705668577
OLYMPUS DIGITAL CAMERA0271.JPG,37.28479766845703,30.088943481445312,33.37448501586914,94.34026466207071
OLYMPUS DIGITAL CAMERA0272.JPG,36.94520950317383,29.819129943847656,33.387386322021484,95.00845822926043
OLYMPUS DIGITAL CAMERA0273.JPG,37.03325271606445,30.068622589111328,33.352027893066406,94.36756259798447
OLYMPUS DIGITAL CAMERA0274.JPG,37.21200180053711,30.078781127929688,33.56447982788086,93.89927740805643
OLYMPUS DIGITAL CAMERA0275.JPG,37.31067657470703,30.241985321044922,33.702674865722656,93.2588995148265
OLYMPUS DIGITAL CAMERA0276.JPG,37.189170837402344,30.154191970825195,33.016578674316406,94.69191217543752
OLYMPUS DIGITAL CAMERA0277.JPG,37.310054779052734,30.3145751953125,32.94636917114258,94.55296231235903
OLYMPUS DIGITAL CAMERA0278.JPG,37.3267936706543,30.09296417236328,33.72313690185547,93.55292948597945
OLYMPUS DIGITAL CAMERA0279.JPG,37.30510711669922,30.154191970825195,32.82056427001953,95.16308908761498
OLYMPUS DIGITAL CAMERA0280.JPG,37.33768844604492,30.164430618286133,33.25874328613281,95.00507890560888
OLYMPUS DIGITAL CAMERA0281.JPG,37.691871643066406,30.27886199951172,33.45449447631836,94.74936625658071
OLYMPUS DIGITAL CAMERA0282.JPG,37.44549560546875,30.272396087646484,33.38422775268555,94.6126646281483
OLYMPUS DIGITAL CAMERA0283.JPG,37.45185089111328,30.172504425048828,33.138370513916016,95.60984707803746
OLYMPUS DIGITAL CAMERA0284.JPG,37.43224334716797,30.09108543395996,33.2047233581543,95.59453493630235
OLYMPUS DIGITAL CAMERA0285.JPG,37.56818771362305,30.113384246826172,33.37816619873047,95.22577745657114
OLYMPUS DIGITAL CAMERA0286.JPG,37.6755485534668,30.343320846557617,33.3572883605957,94.79332829165341
OLYMPUS DIGITAL CAMERA0287.JPG,37.814334869384766,30.294891357421875,33.61271667480469,94.39756313172576
OLYMPUS DIGITAL CAMERA0288.JPG,37.55228805541992,30.0991153717041,33.36261749267578,95.53264746774698
OLYMPUS DIGITAL CAMERA0289.JPG,37.91753005981445,30.595556259155273,33.52663803100586,94.26427427489521
OLYMPUS DIGITAL CAMERA0290.JPG,37.91597366333008,30.214588165283203,33.83694076538086,94.61012368335938
OLYMPUS DIGITAL CAMERA0291.JPG,37.919090270996094,30.9810848236084,33.39141082763672,94.11625469703954
OLYMPUS DIGITAL CAMERA0292.JPG,37.79975891113281,30.65729331970215,33.31531524658203,94.88090055587217
OLYMPUS DIGITAL CAMERA0293.JPG,37.948089599609375,30.38968849182129,34.07208251953125,94.07992808859463
OLYMPUS DIGITAL CAMERA0294.JPG,37.801300048828125,30.8022403717041,33.21689224243164,94.78144113797849
OLYMPUS DIGITAL CAMERA0295.JPG,37.933624267578125,30.74403953552246,33.68497848510742,94.47790033589679
OLYMPUS DIGITAL CAMERA0296.JPG,37.919090270996094,31.207731246948242,33.65373611450195,93.3430169015882
OLYMPUS DIGITAL CAMERA0297.JPG,37.81367874145508,30.959396362304688,33.5311279296875,94.37399870542694
OLYMPUS DIGITAL CAMERA0298.JPG,37.81242752075195,31.097606658935547,33.54739761352539,94.90548663505271
OLYMPUS DIGITAL CAMERA0299.JPG,38.053897857666016,31.358745574951172,33.65164566040039,94.26056504119389
OLYMPUS DIGITAL CAMERA0300.JPG,38.367530822753906,31.485992431640625,33.73567581176758,93.9948274562292
OLYMPUS DIGITAL CAMERA0301.JPG,38.4124870300293,31.84939956665039,33.232242584228516,94.66439044848757
OLYMPUS DIGITAL CAMERA0302.JPG,38.46084976196289,31.861438751220703,33.533329010009766,94.28282927393668
OLYMPUS DIGITAL CAMERA0303.JPG,38.47251510620117,31.77885627746582,33.451881408691406,94.59652659238955
OLYMPUS DIGITAL CAMERA0304.JPG,38.56498718261719,31.5647029876709,33.70784378051758,94.78785997825327
OLYMPUS DIGITAL CAMERA0305.JPG,38.70881271362305,31.573200225830078,33.85472869873047,94.46751585167075
OLYMPUS DIGITAL CAMERA0306.JPG,38.47498321533203,31.468271255493164,33.680789947509766,95.53490169063551
OLYMPUS DIGITAL CAMERA0307.JPG,38.71099090576172,32.246246337890625,33.626033782958984,94.20655607961433
OLYMPUS DIGITAL CAMERA0308.JPG,38.798091888427734,31.924100875854492,33.72016906738281,95.42726907365586
OLYMPUS DIGITAL CAMERA0309.JPG,38.79521179199219,31.847314834594727,33.91585159301758,95.11339313702864
OLYMPUS DIGITAL CAMERA0310.JPG,38.91779708862305,31.784915924072266,33.87841033935547,95.38143840211323
OLYMPUS DIGITAL CAMERA0311.JPG,38.79750061035156,31.84424591064453,33.63813781738281,95.7443392000713
OLYMPUS DIGITAL CAMERA0312.JPG,38.70808792114258,32.00269317626953,33.76880645751953,95.14458943300042
OLYMPUS DIGITAL CAMERA0313.JPG,38.94154739379883,32.09771728515625,33.7470703125,95.10911922677481
OLYMPUS DIGITAL CAMERA0314.JPG,39.036163330078125,31.926435470581055,33.50669479370117,95.90795465102971
OLYMPUS DIGITAL CAMERA0315.JPG,39.1747932434082,32.0205078125,34.008785247802734,94.64172832251147
OLYMPUS DIGITAL CAMERA0316.JPG,38.92202377319336,32.00032043457031,33.56740951538086,95.8816559623018
OLYMPUS DIGITAL CAMERA0317.JPG,39.175506591796875,32.16560745239258,33.57813262939453,95.84785315820272
OLYMPUS DIGITAL CAMERA0318.JPG,39.16511154174805,32.07438278198242,33.485633850097656,95.90219827303294
OLYMPUS DIGITAL CAMERA0319.JPG,39.05701446533203,31.64601707458496,34.06991195678711,95.85942149433083
OLYMPUS DIGITAL CAMERA0320.JPG,39.17852783203125,31.949628829956055,34.06395721435547,95.82954762813854
OLYMPUS DIGITAL CAMERA0321.JPG,39.1741828918457,32.01332473754883,33.96155548095703,96.14264744333936
OLYMPUS DIGITAL CAMERA0322.JPG,39.02798843383789,31.990812301635742,33.71003341674805,96.66305419700235
OLYMPUS DIGITAL CAMERA0323.JPG,39.2965202331543,31.935474395751953,34.09709167480469,95.98682003387334
OLYMPUS DIGITAL CAMERA0324.JPG,39.29684066772461,32.021793365478516,34.449440002441406,95.32945229939016
OLYMPUS DIGITAL CAMERA0325.JPG,39.16128921508789,32.246253967285156,34.36702346801758,94.77673242741125
OLYMPUS DIGITAL CAMERA0326.JPG,39.27191925048828,32.08547592163086,34.224327087402344,95.6635053781095
OLYMPUS DIGITAL CAMERA0327.JPG,39.19487380981445,32.3208122253418,33.997344970703125,95.43314807573819
OLYMPUS DIGITAL CAMERA0328.JPG,39.16891860961914,32.467247009277344,34.190948486328125,94.6887687262178
OLYMPUS DIGITAL CAMERA0329.JPG,39.1890754699707,32.097591400146484,34.58261489868164,94.88479637638495
OLYMPUS DIGITAL CAMERA0330.JPG,39.47635269165039,32.03770065307617,34.886844635009766,94.09935694165284
OLYMPUS DIGITAL CAMERA0331.JPG,39.41098403930664,32.25703811645508,34.509056091308594,95.0186143033133
OLYMPUS DIGITAL CAMERA0332.JPG,39.571929931640625,32.249908447265625,34.4305534362793,94.90623472001488
OLYMPUS DIGITAL CAMERA0333.JPG,39.51349639892578,32.095584869384766,34.3639030456543,95.62593130772383
OLYMPUS DIGITAL CAMERA0334.JPG,39.513675689697266,32.020790100097656,34.3785514831543,95.75495807109048
OLYMPUS DIGITAL CAMERA0335.JPG,39.60514831542969,32.034305572509766,34.618656158447266,95.25112857251371
OLYMPUS DIGITAL CAMERA0336.JPG,40.08123016357422,32.18920135498047,34.879859924316406,94.36743373083492
OLYMPUS DIGITAL CAMERA0337.JPG,39.99280548095703,32.49129867553711,34.58784484863281,94.69015862673713
OLYMPUS DIGITAL CAMERA0338.JPG,40.08637619018555,32.34305953979492,35.02582550048828,94.31830227535426
OLYMPUS DIGITAL CAMERA0339.JPG,40.24641799926758,32.428001403808594,35.10040283203125,94.28672825671214
OLYMPUS DIGITAL CAMERA0340.JPG,40.40209197998047,32.27557373046875,34.993656158447266,95.09923002542673
OLYMPUS DIGITAL CAMERA0341.JPG,40.502960205078125,33.365177154541016,35.316383361816406,93.51555425732947
OLYMPUS DIGITAL CAMERA0342.JPG,40.34933090209961,33.7015495300293,35.33600997924805,93.77657319950502
OLYMPUS DIGITAL CAMERA0343.JPG,40.40209197998047,33.690372467041016,35.15738296508789,94.72465731728684
OLYMPUS DIGITAL CAMERA0344.JPG,40.48898696899414,33.699405670166016,35.316383361816406,94.66724767908566
OLYMPUS DIGITAL CAMERA0345.JPG,40.523311614990234,33.93265151977539,35.234928131103516,94.15245755601045
OLYMPUS DIGITAL CAMERA0346.JPG,40.5380744934082,33.62278366088867,35.316383361816406,94.80595805678077
OLYMPUS DIGITAL CAMERA0347.JPG,40.62406539916992,33.93507385253906,35.37271499633789,94.10981945271847
OLYMPUS DIGITAL CAMERA0348.JPG,40.611572265625,34.01234436035156,35.296180725097656,93.87074232614542
OLYMPUS DIGITAL CAMERA0349.JPG,40.611572265625,34.01234436035156,35.296180725097656,93.87074232614542
OLYMPUS DIGITAL CAMERA0350.JPG,41.00015640258789,33.940093994140625,35.37745666503906,93.85011488205825
OLYMPUS DIGITAL CAMERA0351.JPG,40.97515869140625,33.92226791381836,35.296180725097656,94.52623089611737
OLYMPUS DIGITAL CAMERA0352.JPG,40.880706787109375,33.771419525146484,35.381404876708984,94.38452744534013
OLYMPUS DIGITAL CAMERA0353.JPG,41.09149932861328,34.3189811706543,35.22900390625,93.97919887188712
OLYMPUS DIGITAL CAMERA0354.JPG,41.216339111328125,34.17169952392578,35.371768951416016,93.95289899794211
OLYMPUS DIGITAL CAMERA0355.JPG,41.10804748535156,33.939857482910156,35.374244689941406,94.10719846227133
OLYMPUS DIGITAL CAMERA0356.JPG,41.38740158081055,33.97412872314453,35.70978927612305,93.72340971863015
OLYMPUS DIGITAL CAMERA0357.JPG,41.26578140258789,33.885311126708984,35.631404876708984,94.01773168862037
OLYMPUS DIGITAL CAMERA0358.JPG,41.41202163696289,34.44345474243164,35.62883377075195,92.81489504740071
OLYMPUS DIGITAL CAMERA0359.JPG,41.38740158081055,34.1291389465332,35.5670280456543,93.49316743329364
OLYMPUS DIGITAL CAMERA0360.JPG,41.29169845581055,33.89009475708008,35.712646484375,93.8596076970048
OLYMPUS DIGITAL CAMERA0361.JPG,41.38933181762695,33.97929000854492,35.64816665649414,93.60749735236823
OLYMPUS DIGITAL CAMERA0362.JPG,41.53485870361328,34.31273651123047,35.8693962097168,92.61544445092824
OLYMPUS DIGITAL CAMERA0363.JPG,41.24083709716797,34.18970489501953,35.550289154052734,93.63016028604834
OLYMPUS DIGITAL CAMERA0364.JPG,41.250328063964844,34.031063079833984,35.46930694580078,94.05750055981449
OLYMPUS DIGITAL CAMERA0365.JPG,41.35875701904297,34.26936721801758,35.601722717285156,93.3583418694892
OLYMPUS DIGITAL CAMERA0366.JPG,41.250328063964844,34.50312805175781,35.40279769897461,93.13731676089304
OLYMPUS DIGITAL CAMERA0367.JPG,41.20151901245117,34.547882080078125,35.210506439208984,93.5804580972187
OLYMPUS DIGITAL CAMERA0368.JPG,41.334938049316406,34.80577850341797,35.243804931640625,92.89996325350835
OLYMPUS DIGITAL CAMERA0369.JPG,41.45607376098633,33.97412872314453,35.85249328613281,93.68269276651917
OLYMPUS DIGITAL CAMERA0370.JPG,41.41371536254883,33.57529830932617,35.69297790527344,94.69076598629168
OLYMPUS DIGITAL CAMERA0371.JPG,41.32612991333008,33.80638122558594,35.534420013427734,94.58932193959829
OLYMPUS DIGITAL CAMERA0372.JPG,41.36064147949219,33.73217010498047,35.63382339477539,95.06591412783702
OLYMPUS DIGITAL CAMERA0373.JPG,41.46944046020508,33.88971710205078,35.631282806396484,95.04788482282025
OLYMPUS DIGITAL CAMERA0374.JPG,41.58140182495117,34.2772331237793,35.69328308105469,93.95286647717917
OLYMPUS DIGITAL CAMERA0375.JPG,41.45675277709961,34.956966400146484,35.55046844482422,93.2961583096419
OLYMPUS DIGITAL CAMERA0376.JPG,41.459651947021484,34.636898040771484,35.8908805847168,93.62013741895699
OLYMPUS DIGITAL CAMERA0377.JPG,41.60793685913086,34.58021926879883,35.85495376586914,93.61847479379313
OLYMPUS DIGITAL CAMERA0378.JPG,41.45859909057617,34.7230339050293,36.2604866027832,93.25500535317168
OLYMPUS DIGITAL CAMERA0379.JPG,41.520877838134766,34.427982330322266,36.44470977783203,93.71248531782597
OLYMPUS DIGITAL CAMERA0380.JPG,41.43594741821289,34.8702507019043,35.93741226196289,94.44522601730706
OLYMPUS DIGITAL CAMERA0381.JPG,41.55772399902344,34.96162796020508,36.10857391357422,94.49361778931531
OLYMPUS DIGITAL CAMERA0382.JPG,41.78447723388672,34.901004791259766,36.41017150878906,94.27311615003113
OLYMPUS DIGITAL CAMERA0383.JPG,41.77629852294922,34.684349060058594,36.51398468017578,94.2495042252872
OLYMPUS DIGITAL CAMERA0384.JPG,41.76240539550781,34.67147445678711,36.35464096069336,94.56086677610851
OLYMPUS DIGITAL CAMERA0385.JPG,41.60609817504883,34.57073211669922,36.419677734375,95.3187248836909
OLYMPUS DIGITAL CAMERA0386.JPG,41.888160705566406,34.81302261352539,36.738311767578125,95.05318942337097
OLYMPUS DIGITAL CAMERA0387.JPG,41.87258529663086,35.107215881347656,36.57448196411133,95.07799065776143
OLYMPUS DIGITAL CAMERA0388.JPG,41.83267593383789,34.718109130859375,36.64408874511719,95.61311776376658
OLYMPUS DIGITAL CAMERA0389.JPG,41.888160705566406,34.9603157043457,36.803531646728516,94.89703881737718
OLYMPUS DIGITAL CAMERA0390.JPG,41.45307159423828,35.216941833496094,35.93302536010742,96.0351858597925
OLYMPUS DIGITAL CAMERA0391.JPG,42.054962158203125,34.89320755004883,36.79962921142578,95.03211569873665
OLYMPUS DIGITAL CAMERA0392.JPG,41.98311996459961,34.96309280395508,36.65230941772461,95.44529690879543
OLYMPUS DIGITAL CAMERA0393.JPG,41.848026275634766,35.180908203125,36.55846405029297,94.9549820236294
OLYMPUS DIGITAL CAMERA0394.JPG,41.996463775634766,34.969303131103516,36.8109016418457,95.1364153982349
OLYMPUS DIGITAL CAMERA0395.JPG,41.90292739868164,35.17742156982422,36.324798583984375,95.65093594722235
OLYMPUS DIGITAL CAMERA0396.JPG,42.26588821411133,35.22642135620117,36.906009674072266,94.31645287632543
OLYMPUS DIGITAL CAMERA0397.JPG,42.214237213134766,35.445491790771484,37.0699577331543,93.7780470262999
OLYMPUS DIGITAL CAMERA0398.JPG,42.28702163696289,35.449092864990234,36.80881881713867,94.0839506018735
OLYMPUS DIGITAL CAMERA0399.JPG,41.78447723388672,35.09175491333008,36.41017150878906,95.63848561172084
OLYMPUS DIGITAL CAMERA0400.JPG,42.1527214050293,35.28078842163086,36.990657806396484,94.19502348523089
OLYMPUS DIGITAL CAMERA0401.JPG,42.33389663696289,35.22642135620117,36.971736907958984,94.17648471378969
OLYMPUS DIGITAL CAMERA0402.JPG,42.444984436035156,35.31562042236328,37.39166259765625,93.43834582712539
OLYMPUS DIGITAL CAMERA0403.JPG,42.711448669433594,35.0787239074707,37.12662887573242,94.63936372892789
OLYMPUS DIGITAL CAMERA0404.JPG,42.74630355834961,35.91712951660156,36.82120895385742,93.5386310745674
OLYMPUS DIGITAL CAMERA0405.JPG,42.74461364746094,35.88889694213867,36.88254928588867,94.62939706038466
OLYMPUS DIGITAL CAMERA0406.JPG,42.7363166809082,36.19341278076172,36.88254928588867,94.10848113728446
OLYMPUS DIGITAL CAMERA0407.JPG,42.60564041137695,35.87677764892578,36.737831115722656,94.92304414479358
OLYMPUS DIGITAL CAMERA0408.JPG,42.67654800415039,35.887046813964844,36.88031768798828,94.38931021038717
OLYMPUS DIGITAL CAMERA0409.JPG,42.75654983520508,35.97715759277344,36.8366813659668,94.13999142371958
OLYMPUS DIGITAL CAMERA0410.JPG,42.765323638916016,35.817718505859375,36.979190826416016,94.60464909814587
OLYMPUS DIGITAL CAMERA0411.JPG,42.87718200683594,35.98429870605469,37.12165069580078,93.81232907431135
OLYMPUS DIGITAL CAMERA0412.JPG,42.7363166809082,36.12937545776367,36.958824157714844,93.84816173793145
OLYMPUS DIGITAL CAMERA0413.JPG,42.97362518310547,36.30117416381836,37.107643127441406,93.2932964257543
OLYMPUS DIGITAL CAMERA0414.JPG,42.72551727294922,36.13518142700195,36.82865905761719,94.11917145997877
OLYMPUS DIGITAL CAMERA0415.JPG,42.7601203918457,36.125465393066406,36.81132888793945,94.13302911910277
OLYMPUS DIGITAL CAMERA0416.JPG,42.85606002807617,35.97580337524414,37.30080795288086,93.652587239506
OLYMPUS DIGITAL CAMERA0417.JPG,42.71567153930664,35.52112579345703,37.028194427490234,95.25280259345297
OLYMPUS DIGITAL CAMERA0418.JPG,42.85090255737305,36.12931442260742,36.894981384277344,94.22405840095672
OLYMPUS DIGITAL CAMERA0419.JPG,43.12278366088867,35.85148620605469,37.13420104980469,94.29471720956211
OLYMPUS DIGITAL CAMERA0420.JPG,42.88688659667969,36.44168472290039,37.31747055053711,93.34866335334893
OLYMPUS DIGITAL CAMERA0421.JPG,42.858951568603516,36.352760314941406,37.17083740234375,93.76469882439116
OLYMPUS DIGITAL CAMERA0422.JPG,43.143863677978516,36.31303787231445,37.37277603149414,93.56918385029081
OLYMPUS DIGITAL CAMERA0423.JPG,42.73464584350586,36.70224380493164,36.81132888793945,94.56080425264965
OLYMPUS DIGITAL CAMERA0424.JPG,42.84306716918945,36.62839126586914,36.97126770019531,95.11784065695993
OLYMPUS DIGITAL CAMERA0425.JPG,42.98332977294922,36.64173889160156,37.131317138671875,94.82253364007465
OLYMPUS DIGITAL CAMERA0426.JPG,43.12623596191406,36.81071090698242,37.37277603149414,94.1296573432227
OLYMPUS DIGITAL CAMERA0427.JPG,43.094749450683594,37.10440444946289,36.98150634765625,94.32245359324996
OLYMPUS DIGITAL CAMERA0428.JPG,43.2524528503418,36.967411041259766,37.20860290527344,94.14711300834624
OLYMPUS DIGITAL CAMERA0429.JPG,43.039939880371094,36.95293426513672,37.468650817871094,93.62044624753294
OLYMPUS DIGITAL CAMERA0430.JPG,43.0380859375,36.64602279663086,37.207664489746094,94.67961258469076
OLYMPUS DIGITAL CAMERA0431.JPG,43.06023025512695,36.945316314697266,37.29146194458008,94.73599091935783
OLYMPUS DIGITAL CAMERA0432.JPG,43.26442337036133,36.94425582885742,37.21027755737305,94.87690150443372
OLYMPUS DIGITAL CAMERA0433.JPG,43.16377258300781,36.945316314697266,37.424583435058594,94.46117099221401
OLYMPUS DIGITAL CAMERA0434.JPG,43.51252365112305,37.12158966064453,37.449920654296875,94.17881616104158
OLYMPUS DIGITAL CAMERA0435.JPG,43.41654968261719,36.89835739135742,37.67866516113281,94.14197008702254
OLYMPUS DIGITAL CAMERA0436.JPG,43.287105560302734,37.109031677246094,37.43724060058594,94.19256957247927
OLYMPUS DIGITAL CAMERA0437.JPG,43.411563873291016,37.12158966064453,37.449920654296875,94.17881616104158
OLYMPUS DIGITAL CAMERA0438.JPG,43.410491943359375,37.27351379394531,37.449920654296875,93.92626449148742
OLYMPUS DIGITAL CAMERA0439.JPG,43.53410339355469,36.98454666137695,37.61042404174805,94.14236984352317
OLYMPUS DIGITAL CAMERA0440.JPG,43.28523254394531,37.02574920654297,37.42341232299805,94.80168742046524
OLYMPUS DIGITAL CAMERA0441.JPG,43.63454055786133,37.653289794921875,37.448822021484375,93.75928832825795
OLYMPUS DIGITAL CAMERA0442.JPG,43.930625915527344,37.70968246459961,37.35551452636719,94.01812025688781
OLYMPUS DIGITAL CAMERA0443.JPG,44.2542610168457,37.6639289855957,37.380924224853516,93.88099954393218
OLYMPUS DIGITAL CAMERA0444.JPG,44.153038024902344,37.65601348876953,37.46259689331055,93.76003913045054
OLYMPUS DIGITAL CAMERA0445.JPG,44.078826904296875,37.41239929199219,37.154327392578125,94.69857218840868
OLYMPUS DIGITAL CAMERA0446.JPG,44.1496467590332,37.187408447265625,37.62477493286133,95.42654009854522
OLYMPUS DIGITAL CAMERA0447.JPG,44.30193328857422,37.57112503051758,38.06160354614258,94.42705150439186
OLYMPUS DIGITAL CAMERA0448.JPG,44.153038024902344,37.4847297668457,37.46259689331055,95.427311525763
OLYMPUS DIGITAL CAMERA0449.JPG,44.002010345458984,37.55033874511719,37.49833679199219,95.17662609664333
OLYMPUS DIGITAL CAMERA0450.JPG,44.16835021972656,37.48589324951172,37.61972427368164,95.15054590209444
OLYMPUS DIGITAL CAMERA0451.JPG,44.12002944946289,37.776206970214844,37.278255462646484,95.20120836959008
OLYMPUS DIGITAL CAMERA0452.JPG,44.14338684082031,37.78246307373047,37.57856369018555,95.1137218675685
OLYMPUS DIGITAL CAMERA0453.JPG,44.40773391723633,37.80467987060547,38.048133850097656,94.27623041499652
OLYMPUS DIGITAL CAMERA0454.JPG,44.2931022644043,37.79222869873047,38.04806900024414,94.28734127381895
OLYMPUS DIGITAL CAMERA0455.JPG,44.38666534423828,38.24504089355469,37.55502700805664,94.93148072338396
OLYMPUS DIGITAL CAMERA0456.JPG,44.3913688659668,38.17127990722656,37.88786697387695,94.84674443515745
OLYMPUS DIGITAL CAMERA0457.JPG,44.49268341064453,38.17397689819336,37.679534912109375,95.24959259259488
OLYMPUS DIGITAL CAMERA0458.JPG,44.34835433959961,38.313499450683594,37.64192199707031,95.23624262995348
OLYMPUS DIGITAL CAMERA0459.JPG,44.36320114135742,38.23456573486328,37.8770637512207,95.43040882241077
OLYMPUS DIGITAL CAMERA0460.JPG,44.514678955078125,38.04275894165039,37.69743347167969,96.42668528337677
OLYMPUS DIGITAL CAMERA0461.JPG,44.6872673034668,37.73173141479492,37.6800651550293,97.21272447382809
OLYMPUS DIGITAL CAMERA0462.JPG,45.05818176269531,38.12730026245117,37.77793502807617,96.1482273300916
OLYMPUS DIGITAL CAMERA0463.JPG,45.286293029785156,37.990509033203125,37.87125015258789,96.25946338229902
OLYMPUS DIGITAL CAMERA0464.JPG,45.03600311279297,37.983482360839844,38.10844421386719,96.68535090789332
OLYMPUS DIGITAL CAMERA0465.JPG,45.263336181640625,38.12997055053711,38.20161819458008,96.04139608694527
OLYMPUS DIGITAL CAMERA0466.JPG,45.04062271118164,37.741844177246094,38.572391510009766,96.25971503832442
OLYMPUS DIGITAL CAMERA0467.JPG,44.82955551147461,38.197566986083984,37.76276779174805,96.7311436548038
OLYMPUS DIGITAL CAMERA0468.JPG,45.264156341552734,38.5789680480957,38.360172271728516,97.08363543792937
OLYMPUS DIGITAL CAMERA0469.JPG,45.04062271118164,38.261837005615234,38.656490325927734,97.07798604694622
OLYMPUS DIGITAL CAMERA0470.JPG,45.06128692626953,38.492279052734375,38.59389877319336,96.81235596861346
OLYMPUS DIGITAL CAMERA0471.JPG,45.058258056640625,38.64748001098633,38.15564727783203,97.12608444296399
OLYMPUS DIGITAL CAMERA0472.JPG,45.286956787109375,38.433319091796875,38.816688537597656,96.75983998328951
OLYMPUS DIGITAL CAMERA0473.JPG,45.18229675292969,38.731502532958984,38.580535888671875,96.41593671583752
OLYMPUS DIGITAL CAMERA0474.JPG,45.18408203125,38.65876770019531,38.54010009765625,97.36636661849174
OLYMPUS DIGITAL CAMERA0475.JPG,45.03654098510742,38.880027770996094,38.28020477294922,98.09284956828421
OLYMPUS DIGITAL CAMERA0476.JPG,45.161346435546875,38.95387268066406,38.785091400146484,97.25257555361179
OLYMPUS DIGITAL CAMERA0477.JPG,45.05818176269531,38.889888763427734,38.2983283996582,98.08013338313738
OLYMPUS DIGITAL CAMERA0478.JPG,45.160335540771484,38.96242904663086,38.360172271728516,97.81592547378717
OLYMPUS DIGITAL CAMERA0479.JPG,45.18095397949219,39.04508972167969,38.29767990112305,97.57608288269239
OLYMPUS DIGITAL CAMERA0480.JPG,45.28596115112305,38.958580017089844,38.601810455322266,97.40617716844102
OLYMPUS DIGITAL CAMERA0481.JPG,45.18104934692383,39.191165924072266,38.6430778503418,97.11471499529864
OLYMPUS DIGITAL CAMERA0482.JPG,45.18278503417969,38.97233200073242,38.72323989868164,97.37137093537162
OLYMPUS DIGITAL CAMERA0483.JPG,45.18229675292969,39.11260986328125,38.378360748291016,97.54510503870996
OLYMPUS DIGITAL CAMERA0484.JPG,45.307899475097656,38.827537536621094,38.96466064453125,97.22199907810666
OLYMPUS DIGITAL CAMERA0485.JPG,45.411582946777344,39.112918853759766,38.61491775512695,97.13627106747633
OLYMPUS DIGITAL CAMERA0486.JPG,45.28596878051758,39.47506332397461,38.73091125488281,97.1560271747336
OLYMPUS DIGITAL CAMERA0487.JPG,45.30548858642578,39.79647445678711,38.2977180480957,97.40951424797308
OLYMPUS DIGITAL CAMERA0488.JPG,45.409446716308594,39.717769622802734,38.7242317199707,96.98073724132388
OLYMPUS DIGITAL CAMERA0489.JPG,45.51121520996094,39.50847625732422,38.79234313964844,97.23287892970879
OLYMPUS DIGITAL CAMERA0490.JPG,45.63566207885742,39.72233581542969,38.53923034667969,97.13778716358189
OLYMPUS DIGITAL CAMERA0491.JPG,45.6381721496582,39.56584548950195,38.700382232666016,97.13542224514742
OLYMPUS DIGITAL CAMERA0492.JPG,45.63679885864258,39.50922393798828,38.619747161865234,97.61661806336306
OLYMPUS DIGITAL CAMERA0493.JPG,45.764793395996094,39.49384307861328,38.94229507446289,96.85821279644938
OLYMPUS DIGITAL CAMERA0494.JPG,45.63665771484375,39.64402770996094,38.619747161865234,97.13701965005615
OLYMPUS DIGITAL CAMERA0495.JPG,45.76072692871094,39.72756576538086,38.700435638427734,96.8654117270856
OLYMPUS DIGITAL CAMERA0496.JPG,45.88359069824219,39.75362777709961,38.701171875,97.07162093995149
OLYMPUS DIGITAL CAMERA0497.JPG,45.75968933105469,39.80572509765625,39.035430908203125,96.31149305993877
OLYMPUS DIGITAL CAMERA0498.JPG,45.737613677978516,39.79554748535156,38.88029098510742,96.58322764870378
OLYMPUS DIGITAL CAMERA0499.JPG,45.89059066772461,39.57808303833008,39.0228157043457,96.58770234573146
OLYMPUS DIGITAL CAMERA0500.JPG,45.86454391479492,39.7232666015625,39.121620178222656,96.31180744671033
OLYMPUS DIGITAL CAMERA0501.JPG,46.01120376586914,39.740047454833984,39.02315139770508,96.32136154559558
OLYMPUS DIGITAL CAMERA0502.JPG,45.86062240600586,39.81643295288086,39.019317626953125,96.30743911973728
OLYMPUS DIGITAL CAMERA0503.JPG,45.90461349487305,39.95728302001953,39.300025939941406,95.76979436052751
OLYMPUS DIGITAL CAMERA0504.JPG,46.00878143310547,39.8288688659668,39.284873962402344,96.34944762499404
OLYMPUS DIGITAL CAMERA0505.JPG,46.01042556762695,39.679969787597656,39.23585891723633,96.95664162228596
OLYMPUS DIGITAL CAMERA0506.JPG,45.88359069824219,39.75362777709961,39.20458221435547,97.0663011938941
OLYMPUS DIGITAL CAMERA0507.JPG,45.88270568847656,39.84572219848633,39.063995361328125,97.87064431153183
OLYMPUS DIGITAL CAMERA0508.JPG,46.00878143310547,39.909820556640625,39.238502502441406,97.47458117141147
OLYMPUS DIGITAL CAMERA0509.JPG,46.00865173339844,39.76983642578125,39.583560943603516,97.30630630050304
OLYMPUS DIGITAL CAMERA0510.JPG,46.278629302978516,39.98466873168945,39.2818489074707,97.67682541595545
OLYMPUS DIGITAL CAMERA0511.JPG,46.41266632080078,40.06734085083008,39.72285461425781,97.43351854801304
OLYMPUS DIGITAL CAMERA0512.JPG,46.52915954589844,39.993038177490234,40.266109466552734,97.53179234467741
OLYMPUS DIGITAL CAMERA0513.JPG,46.61404037475586,39.836299896240234,40.42827224731445,97.5208000778259
OLYMPUS DIGITAL CAMERA0514.JPG,46.6433219909668,39.92006301879883,40.84318923950195,96.62842897508634
OLYMPUS DIGITAL CAMERA0515.JPG,46.56439971923828,39.993038177490234,40.266109466552734,97.53179234467741
OLYMPUS DIGITAL CAMERA0516.JPG,46.56803512573242,40.010498046875,40.104427337646484,97.79188854933355
OLYMPUS DIGITAL CAMERA0517.JPG,46.70427703857422,39.99822235107422,40.42742156982422,97.26063914513489
OLYMPUS DIGITAL CAMERA0518.JPG,47.177574157714844,39.784053802490234,40.66981887817383,97.2340321645888
OLYMPUS DIGITAL CAMERA0519.JPG,47.0321159362793,40.076507568359375,40.34653854370117,97.26571371339183
OLYMPUS DIGITAL CAMERA0520.JPG,47.1840934753418,39.93308639526367,40.58883285522461,97.11486728587197
OLYMPUS DIGITAL CAMERA0521.JPG,47.171974182128906,40.16022491455078,40.42722702026367,97.00059207252772
OLYMPUS DIGITAL CAMERA0522.JPG,47.163814544677734,40.024627685546875,40.42722702026367,97.47443823039248
OLYMPUS DIGITAL CAMERA0523.JPG,47.17383575439453,39.945899963378906,40.6421012878418,97.21877699861359
OLYMPUS DIGITAL CAMERA0524.JPG,47.27009963989258,40.327178955078125,40.77302932739258,96.55537439270576
OLYMPUS DIGITAL CAMERA0525.JPG,47.14808654785156,40.16022491455078,40.42722702026367,97.00059207252772
OLYMPUS DIGITAL CAMERA0526.JPG,47.30782699584961,39.94611740112305,40.602630615234375,97.10116391760937
OLYMPUS DIGITAL CAMERA0527.JPG,47.67109680175781,40.20282745361328,40.84556579589844,96.5325133604604
OLYMPUS DIGITAL CAMERA0528.JPG,47.57657241821289,40.10286331176758,41.33708572387695,95.78331464755883
OLYMPUS DIGITAL CAMERA0529.JPG,47.192684173583984,40.00408172607422,40.79785919189453,96.82997020053742
OLYMPUS DIGITAL CAMERA0530.JPG,47.413272857666016,40.250572204589844,40.9471435546875,96.18675960303742
OLYMPUS DIGITAL CAMERA0531.JPG,47.291282653808594,39.950801849365234,40.87879180908203,97.04041266490451
OLYMPUS DIGITAL CAMERA0532.JPG,47.48154067993164,40.1832275390625,41.55605697631836,96.37451726188338
OLYMPUS DIGITAL CAMERA0533.JPG,47.68788528442383,40.20282745361328,41.78168869018555,96.63917565836464
OLYMPUS DIGITAL CAMERA0534.JPG,47.446964263916016,40.250572204589844,41.74761199951172,96.54170422559915
OLYMPUS DIGITAL CAMERA0535.JPG,47.557373046875,40.040531158447266,41.78146743774414,96.89114310889128
OLYMPUS DIGITAL CAMERA0536.JPG,47.30405044555664,40.102596282958984,41.37738800048828,97.21502223781766
OLYMPUS DIGITAL CAMERA0537.JPG,47.555477142333984,40.118568420410156,41.834434509277344,96.65595025344349
OLYMPUS DIGITAL CAMERA0538.JPG,47.7004508972168,40.19057846069336,42.2857666015625,95.97899569505651
OLYMPUS DIGITAL CAMERA0539.JPG,47.553585052490234,40.19673156738281,41.619903564453125,96.907256945737
OLYMPUS DIGITAL CAMERA0540.JPG,47.57657241821289,39.962623596191406,42.070777893066406,96.72700722836801
OLYMPUS DIGITAL CAMERA0541.JPG,47.53717041015625,40.33879470825195,42.030670166015625,96.14197765477152
OLYMPUS DIGITAL CAMERA0542.JPG,47.545284271240234,40.19673156738281,41.297523498535156,97.73835268158338
OLYMPUS DIGITAL CAMERA0543.JPG,47.698509216308594,40.26802444458008,41.61684799194336,97.29745946951553
OLYMPUS DIGITAL CAMERA0544.JPG,47.68788528442383,40.345603942871094,41.5350456237793,97.30722043137307
OLYMPUS DIGITAL CAMERA0545.JPG,47.749515533447266,40.20282745361328,41.732765197753906,97.1839294011733
OLYMPUS DIGITAL CAMERA0546.JPG,47.7004508972168,40.047176361083984,41.622432708740234,97.44738102598356
OLYMPUS DIGITAL CAMERA0547.JPG,47.6218147277832,40.34262466430664,41.45893096923828,96.99752465780388
OLYMPUS DIGITAL CAMERA0548.JPG,47.68788528442383,40.20282745361328,41.45893096923828,97.46675909427806
OLYMPUS DIGITAL CAMERA0549.JPG,47.698509216308594,40.05789566040039,41.814125061035156,97.52260253558163
OLYMPUS DIGITAL CAMERA0550.JPG,47.85364532470703,40.71466827392578,42.001914978027344,97.22511188344012
OLYMPUS DIGITAL CAMERA0551.JPG,47.6898078918457,40.78509521484375,41.61684799194336,97.53949674301094
OLYMPUS DIGITAL CAMERA0552.JPG,47.551692962646484,40.85969161987305,41.2919807434082,97.72637460801161
OLYMPUS DIGITAL CAMERA0553.JPG,47.66547775268555,41.02195358276367,41.29033660888672,97.4715484207886
OLYMPUS DIGITAL CAMERA0554.JPG,47.81377029418945,40.86975860595703,41.696510314941406,97.27962689683108
OLYMPUS DIGITAL CAMERA0555.JPG,47.91917419433594,41.02919006347656,41.96930694580078,96.53074352601891
OLYMPUS DIGITAL CAMERA0556.JPG,47.67469787597656,40.55735397338867,41.87019729614258,97.41836934033722
OLYMPUS DIGITAL CAMERA0557.JPG,47.803375244140625,40.94407653808594,41.690914154052734,97.15746718399501
OLYMPUS DIGITAL CAMERA0558.JPG,47.57463455200195,40.76823043823242,41.69046401977539,97.63345049232497
OLYMPUS DIGITAL CAMERA0559.JPG,47.83641815185547,40.95435333251953,41.68531799316406,97.59319106877146
OLYMPUS DIGITAL CAMERA0560.JPG,47.94450378417969,41.10099792480469,41.84684371948242,96.866114728297
OLYMPUS DIGITAL CAMERA0561.JPG,47.787025451660156,40.80534362792969,41.690914154052734,97.62017899589877
OLYMPUS DIGITAL CAMERA0562.JPG,47.787025451660156,40.94407653808594,41.7670783996582,97.24517049975594
OLYMPUS DIGITAL CAMERA0563.JPG,47.81568908691406,41.08171081542969,42.269126892089844,96.77485317827858
OLYMPUS DIGITAL CAMERA0564.JPG,47.831321716308594,41.45774841308594,41.84894943237305,97.57107966560254
OLYMPUS DIGITAL CAMERA0565.JPG,47.791351318359375,41.76240539550781,41.603675842285156,97.46994680629749
OLYMPUS DIGITAL CAMERA0566.JPG,47.94839096069336,41.60552215576172,42.010433197021484,96.85287139179815
OLYMPUS DIGITAL CAMERA0567.JPG,47.77729797363281,41.5429801940918,41.7510986328125,97.58106376403572
OLYMPUS DIGITAL CAMERA0568.JPG,47.780975341796875,41.52555847167969,42.066932678222656,97.28653071577816
OLYMPUS DIGITAL CAMERA0569.JPG,47.96631622314453,41.60552215576172,42.3593635559082,96.6590270834554
OLYMPUS DIGITAL CAMERA0570.JPG,47.931236267089844,41.67964172363281,42.228389739990234,96.99904675016722
OLYMPUS DIGITAL CAMERA0571.JPG,47.927425384521484,41.9799919128418,41.99915313720703,97.11468918334207
OLYMPUS DIGITAL CAMERA0572.JPG,47.82909393310547,41.97610092163086,41.914058685302734,97.67636365490962
OLYMPUS DIGITAL CAMERA0573.JPG,47.72339630126953,41.84810256958008,41.679725646972656,98.07874502696127
OLYMPUS DIGITAL CAMERA0574.JPG,47.70107650756836,41.82394790649414,41.894344329833984,97.92784779018126
OLYMPUS DIGITAL CAMERA0575.JPG,47.980281829833984,41.836463928222656,42.32465362548828,97.0491035235303
OLYMPUS DIGITAL CAMERA0576.JPG,47.8265495300293,41.77237319946289,41.83210372924805,98.16072316678951
OLYMPUS DIGITAL CAMERA0577.JPG,47.853912353515625,41.75094985961914,42.245323181152344,97.30379632366186
OLYMPUS DIGITAL CAMERA0578.JPG,48.50259017944336,41.9257698059082,42.36229705810547,97.23809691072645
OLYMPUS DIGITAL CAMERA0579.JPG,48.493797302246094,41.92284393310547,42.8489990234375,96.80845358163712
OLYMPUS DIGITAL CAMERA0580.JPG,48.52046585083008,41.771087646484375,43.07752227783203,96.88719965823809
OLYMPUS DIGITAL CAMERA0581.JPG,48.545379638671875,41.848915100097656,43.128990173339844,96.6579891507957
OLYMPUS DIGITAL CAMERA0582.JPG,48.79322814941406,41.86113357543945,43.3867073059082,96.0452582514162
OLYMPUS DIGITAL CAMERA0583.JPG,48.55331802368164,41.92284393310547,42.8489990234375,96.80845358163712
OLYMPUS DIGITAL CAMERA0584.JPG,48.57611083984375,41.848915100097656,42.73286819458008,97.37430140969522
OLYMPUS DIGITAL CAMERA0585.JPG,48.62858581542969,42.368125915527344,42.58979797363281,96.57454780542162
OLYMPUS DIGITAL CAMERA0586.JPG,48.686092376708984,42.42397689819336,42.92445755004883,96.0738769905795
OLYMPUS DIGITAL CAMERA0587.JPG,48.6419792175293,42.29354476928711,43.010921478271484,96.38466100871314
OLYMPUS DIGITAL CAMERA0588.JPG,48.563541412353516,42.49774932861328,42.23695373535156,96.75657638174629
OLYMPUS DIGITAL CAMERA0589.JPG,48.57135009765625,42.66569519042969,42.91829299926758,96.13522099502316
OLYMPUS DIGITAL CAMERA0590.JPG,48.61540985107422,42.30250930786133,43.34019088745117,96.20776179874011
OLYMPUS DIGITAL CAMERA0591.JPG,48.89599609375,42.39875030517578,43.584022521972656,95.91592089367758
OLYMPUS DIGITAL CAMERA0592.JPG,48.77252960205078,42.07839584350586,43.95845413208008,95.99161109635746
OLYMPUS DIGITAL CAMERA0593.JPG,48.97872543334961,42.55864715576172,43.80043029785156,95.53157997440331
OLYMPUS DIGITAL CAMERA0594.JPG,48.57940673828125,42.33222579956055,43.31328582763672,96.85506289542339
OLYMPUS DIGITAL CAMERA0595.JPG,48.94556427001953,42.26316833496094,44.217498779296875,95.78203902165066
OLYMPUS DIGITAL CAMERA0596.JPG,48.780235290527344,42.40288162231445,43.73143768310547,96.30757269009791
OLYMPUS DIGITAL CAMERA0597.JPG,48.81782913208008,42.33238220214844,44.04127502441406,95.9305781874409
OLYMPUS DIGITAL CAMERA0598.JPG,48.91197204589844,42.32406234741211,44.055023193359375,95.70887017148117
OLYMPUS DIGITAL CAMERA0599.JPG,48.54910659790039,42.32594680786133,43.63607406616211,96.56413468578921
OLYMPUS DIGITAL CAMERA0600.JPG,48.81301498413086,42.33887481689453,43.82695007324219,96.28676619235449
OLYMPUS DIGITAL CAMERA0601.JPG,49.348052978515625,42.3543586730957,44.21894836425781,95.66266286035925
OLYMPUS DIGITAL CAMERA0602.JPG,48.94268798828125,42.34629440307617,43.98940658569336,96.03196336933553
OLYMPUS DIGITAL CAMERA0603.JPG,49.52529525756836,42.423927307128906,43.51918029785156,96.94234430332067
OLYMPUS DIGITAL CAMERA0604.JPG,49.274112701416016,42.39608383178711,43.358619689941406,97.20712727281561
OLYMPUS DIGITAL CAMERA0605.JPG,49.650325775146484,42.43172836303711,43.681339263916016,96.68476120984204
OLYMPUS DIGITAL CAMERA0606.JPG,49.04157257080078,42.78015899658203,42.78892517089844,97.49590918511757
OLYMPUS DIGITAL CAMERA0607.JPG,49.44976806640625,42.57954788208008,43.22440719604492,97.19508801718322
OLYMPUS DIGITAL CAMERA0608.JPG,49.30039978027344,42.47536849975586,43.455162048339844,96.95051426949145
OLYMPUS DIGITAL CAMERA0609.JPG,49.52364730834961,42.57284164428711,43.5036735534668,96.71495836226298
OLYMPUS DIGITAL CAMERA0610.JPG,49.772464752197266,42.43172836303711,43.615570068359375,96.8027064642334
OLYMPUS DIGITAL CAMERA0611.JPG,49.52529525756836,42.423927307128906,43.585052490234375,96.82432170969031
OLYMPUS DIGITAL CAMERA0612.JPG,49.61293411254883,42.50167465209961,43.63615798950195,96.59714949064896
OLYMPUS DIGITAL CAMERA0613.JPG,49.739376068115234,42.50921630859375,43.59983444213867,96.69332608518036
OLYMPUS DIGITAL CAMERA0614.JPG,49.523284912109375,42.57954788208008,43.290252685546875,97.07606321359046
OLYMPUS DIGITAL CAMERA0615.JPG,49.522151947021484,42.57954788208008,43.49782943725586,96.9243062013023
OLYMPUS DIGITAL CAMERA0616.JPG,49.52284622192383,42.43065643310547,43.579200744628906,97.03449755447575
OLYMPUS DIGITAL CAMERA0617.JPG,49.648677825927734,42.586830139160156,43.320743560791016,97.05676821756283
OLYMPUS DIGITAL CAMERA0618.JPG,49.71993637084961,42.72951889038086,42.89934158325195,97.46386503010429
OLYMPUS DIGITAL CAMERA0619.JPG,49.84355926513672,42.59465026855469,43.12748336791992,97.32392043404383
OLYMPUS DIGITAL CAMERA0620.JPG,50.13185119628906,42.28608322143555,43.74563980102539,96.8784107530096
OLYMPUS DIGITAL CAMERA0621.JPG,49.978153228759766,42.515621185302734,43.38648986816406,97.05502011073575
OLYMPUS DIGITAL CAMERA0622.JPG,49.96114730834961,42.67150115966797,43.22347640991211,97.06890406352721
OLYMPUS DIGITAL CAMERA0623.JPG,49.972511291503906,42.74241256713867,43.22347640991211,96.95182118482103
OLYMPUS DIGITAL CAMERA0624.JPG,49.98589324951172,42.580718994140625,43.59983444213867,96.57653737935252
OLYMPUS DIGITAL CAMERA0625.JPG,50.019737243652344,42.59474563598633,43.61463165283203,96.56276307334568
OLYMPUS DIGITAL CAMERA0626.JPG,50.02373123168945,42.66643142700195,43.61463165283203,96.44641656930686
OLYMPUS DIGITAL CAMERA0627.JPG,50.11087417602539,42.66643142700195,43.61463165283203,96.44641656930686
OLYMPUS DIGITAL CAMERA0628.JPG,50.11430358886719,42.66643142700195,43.61463165283203,96.44641656930686
OLYMPUS DIGITAL CAMERA0629.JPG,49.944210052490234,42.94789123535156,43.05556869506836,96.64942962084424
OLYMPUS DIGITAL CAMERA0630.JPG,49.98849105834961,42.667537689208984,43.6392822265625,96.55766381922756
OLYMPUS DIGITAL CAMERA0631.JPG,49.96882247924805,42.81346893310547,43.36513900756836,96.80178945971818
OLYMPUS DIGITAL CAMERA0632.JPG,50.009361267089844,42.74980926513672,43.46128845214844,96.78109606053677
OLYMPUS DIGITAL CAMERA0633.JPG,50.24448776245117,42.82439041137695,43.431907653808594,96.55659473136002
OLYMPUS DIGITAL CAMERA0634.JPG,50.22980880737305,42.83529281616211,43.40042495727539,96.56607909900178
OLYMPUS DIGITAL CAMERA0635.JPG,49.972511291503906,42.95601272583008,43.29910659790039,96.68846187775785
OLYMPUS DIGITAL CAMERA0636.JPG,50.09892654418945,42.905357360839844,43.0245246887207,97.06624183263565
OLYMPUS DIGITAL CAMERA0637.JPG,50.10476303100586,42.74980926513672,43.18791580200195,97.05319415482109
OLYMPUS DIGITAL CAMERA0638.JPG,50.231239318847656,42.68626022338867,43.6897087097168,96.52399466633047
OLYMPUS DIGITAL CAMERA0639.JPG,50.20192337036133,42.82752227783203,43.379859924316406,96.78802772350991
OLYMPUS DIGITAL CAMERA0640.JPG,50.68735885620117,43.053462982177734,43.46086502075195,96.10117795326519
OLYMPUS DIGITAL CAMERA0641.JPG,50.56085968017578,42.919429779052734,43.31327438354492,96.78050366677729
OLYMPUS DIGITAL CAMERA0642.JPG,50.80925750732422,43.064674377441406,43.282997131347656,96.44379556769472
OLYMPUS DIGITAL CAMERA0643.JPG,50.678428649902344,42.82956314086914,43.6897087097168,96.29182450914239
OLYMPUS DIGITAL CAMERA0644.JPG,50.62620162963867,43.06837844848633,43.44041061401367,96.51933707378215
OLYMPUS DIGITAL CAMERA0645.JPG,50.64404296875,42.83529281616211,43.55173110961914,96.73575639429093
OLYMPUS DIGITAL CAMERA0646.JPG,50.65040969848633,43.15367126464844,43.00328826904297,96.9140334867292
OLYMPUS DIGITAL CAMERA0647.JPG,50.937686920166016,42.998451232910156,43.34318161010742,96.64713976986722
OLYMPUS DIGITAL CAMERA0648.JPG,50.77187728881836,42.838565826416016,43.52271270751953,96.62703698602557
OLYMPUS DIGITAL CAMERA0649.JPG,50.48008346557617,43.07891845703125,43.43949890136719,96.3958986162399
OLYMPUS DIGITAL CAMERA0650.JPG,50.89262008666992,43.00697326660156,43.97993850708008,95.77461487584914
OLYMPUS DIGITAL CAMERA0651.JPG,51.03998565673828,42.939212799072266,44.365211486816406,95.48353146737131
OLYMPUS DIGITAL CAMERA0652.JPG,50.95528030395508,42.852745056152344,44.150428771972656,95.95868787482831
OLYMPUS DIGITAL CAMERA0653.JPG,50.88806915283203,43.001888275146484,44.135780334472656,95.73644618209211
OLYMPUS DIGITAL CAMERA0654.JPG,51.407379150390625,43.1236457824707,44.42494583129883,95.20524113867053
OLYMPUS DIGITAL CAMERA0655.JPG,50.80288314819336,42.9297981262207,44.2692985534668,95.6208242153314
OLYMPUS DIGITAL CAMERA0656.JPG,50.920326232910156,42.86693572998047,43.90122985839844,96.41224494172809
OLYMPUS DIGITAL CAMERA0657.JPG,50.898040771484375,43.16529083251953,43.73782730102539,96.20008495719698
OLYMPUS DIGITAL CAMERA0658.JPG,51.08749771118164,43.81993865966797,43.73782730102539,95.39222351811773
OLYMPUS DIGITAL CAMERA0659.JPG,51.00830078125,43.60200500488281,43.879539489746094,95.8981281168482
OLYMPUS DIGITAL CAMERA0660.JPG,51.04291534423828,43.685447692871094,44.24102783203125,95.18601756149266
OLYMPUS DIGITAL CAMERA0661.JPG,52.23164749145508,43.72386932373047,44.58192825317383,94.67375968988793
OLYMPUS DIGITAL CAMERA0662.JPG,51.73931884765625,43.60200500488281,44.07833480834961,95.5478983797052
OLYMPUS DIGITAL CAMERA0663.JPG,51.77938461303711,43.60200500488281,43.87019348144531,95.69670001279194
OLYMPUS DIGITAL CAMERA0664.JPG,51.86349105834961,43.689029693603516,44.159969329833984,95.30579744073289
OLYMPUS DIGITAL CAMERA0665.JPG,51.76476287841797,43.52963638305664,44.1448974609375,95.54472112751165
OLYMPUS DIGITAL CAMERA0666.JPG,52.11457824707031,43.93411636352539,44.40476989746094,94.59447478140297
OLYMPUS DIGITAL CAMERA0667.JPG,51.903717041015625,43.689029693603516,43.95158386230469,95.45374004425155
OLYMPUS DIGITAL CAMERA0668.JPG,52.21942138671875,43.79750442504883,44.64869689941406,94.44849513933012
OLYMPUS DIGITAL CAMERA0669.JPG,51.92977523803711,43.685447692871094,44.374412536621094,94.95549235320004
OLYMPUS DIGITAL CAMERA0670.JPG,52.435523986816406,43.66190719604492,44.81180953979492,94.62631085219604
OLYMPUS DIGITAL CAMERA0671.JPG,51.944339752197266,43.46350860595703,44.388675689697266,95.28649402652493
OLYMPUS DIGITAL CAMERA0672.JPG,52.13481903076172,43.70733642578125,44.71443176269531,94.4526249154018
OLYMPUS DIGITAL CAMERA0673.JPG,51.963111877441406,43.77628707885742,44.17504119873047,95.18003846989544
OLYMPUS DIGITAL CAMERA0674.JPG,52.53102493286133,43.75223159790039,44.81338882446289,94.7124316785969
OLYMPUS DIGITAL CAMERA0675.JPG,52.02145767211914,43.76992416381836,44.4038200378418,95.02952133156175
OLYMPUS DIGITAL CAMERA0676.JPG,52.131534576416016,43.55086135864258,44.4789924621582,95.24385209939814
OLYMPUS DIGITAL CAMERA0677.JPG,51.89664077758789,43.988136291503906,43.99818801879883,95.29910681406324
OLYMPUS DIGITAL CAMERA0678.JPG,51.91542053222656,43.61783981323242,44.159969329833984,95.62303159244978
OLYMPUS DIGITAL CAMERA0679.JPG,52.02568054199219,43.92610549926758,44.22811508178711,95.04824737532985
OLYMPUS DIGITAL CAMERA0680.JPG,52.16422653198242,43.72065734863281,44.391109466552734,95.34178513604704
OLYMPUS DIGITAL CAMERA0681.JPG,52.459190368652344,43.88291931152344,44.94588088989258,94.06705267205801
OLYMPUS DIGITAL CAMERA0682.JPG,52.00938034057617,44.07949447631836,43.999732971191406,95.17505215050848
OLYMPUS DIGITAL CAMERA0683.JPG,52.62900924682617,43.820980072021484,45.20383071899414,93.80201706427849
OLYMPUS DIGITAL CAMERA0684.JPG,52.288726806640625,44.316715240478516,44.5411376953125,94.2094308010493
OLYMPUS DIGITAL CAMERA0685.JPG,52.23895263671875,44.16741180419922,44.554195404052734,94.62831478739923
OLYMPUS DIGITAL CAMERA0686.JPG,52.08249282836914,44.2369499206543,44.23011779785156,94.9963315692396
OLYMPUS DIGITAL CAMERA0687.JPG,52.48897933959961,44.118228912353516,44.880672454833984,94.2478146599334
OLYMPUS DIGITAL CAMERA0688.JPG,52.53792190551758,44.49326705932617,44.5717887878418,93.9632855958733
OLYMPUS DIGITAL CAMERA0689.JPG,52.42753219604492,44.2557373046875,44.569488525390625,94.30243397873463
OLYMPUS DIGITAL CAMERA0690.JPG,52.39632034301758,44.10295104980469,45.162261962890625,93.9942236521069
OLYMPUS DIGITAL CAMERA0691.JPG,52.39878845214844,44.25838088989258,44.90789031982422,94.33655248974272
OLYMPUS DIGITAL CAMERA0692.JPG,52.50807571411133,44.26607894897461,45.37960433959961,93.42650729552396
OLYMPUS DIGITAL CAMERA0693.JPG,51.98228454589844,44.37746047973633,44.33222579956055,94.75912131379386
OLYMPUS DIGITAL CAMERA0694.JPG,52.63005065917969,44.20658874511719,45.382686614990234,93.73040710446321
OLYMPUS DIGITAL CAMERA0695.JPG,52.720645904541016,44.206790924072266,45.46283721923828,93.41004948873642
OLYMPUS DIGITAL CAMERA0696.JPG,52.71808624267578,44.35605239868164,45.31493377685547,93.42192459470685
OLYMPUS DIGITAL CAMERA0697.JPG,52.581207275390625,44.044837951660156,45.164337158203125,94.29962055533902
OLYMPUS DIGITAL CAMERA0698.JPG,52.5960578918457,44.19187927246094,45.37960433959961,93.53518700838964
OLYMPUS DIGITAL CAMERA0699.JPG,51.89679718017578,44.59923553466797,43.86154556274414,95.12570971855452
OLYMPUS DIGITAL CAMERA0700.JPG,52.60992431640625,44.4340705871582,45.07475280761719,93.86459053671668
OLYMPUS DIGITAL CAMERA0701.JPG,52.468509674072266,44.341094970703125,44.88810729980469,93.91496268068015
OLYMPUS DIGITAL CAMERA0702.JPG,52.679298400878906,44.43120193481445,44.95751953125,93.68343708687445
OLYMPUS DIGITAL CAMERA0703.JPG,52.36146926879883,44.24986267089844,44.670982360839844,94.49077966475345
OLYMPUS DIGITAL CAMERA0704.JPG,52.68164825439453,44.28195571899414,44.97067642211914,93.89644999960763
OLYMPUS DIGITAL CAMERA0705.JPG,52.36699295043945,44.41773223876953,45.00357437133789,93.78514239296403
OLYMPUS DIGITAL CAMERA0706.JPG,52.72007751464844,44.14585494995117,45.27595901489258,94.0425875931229
OLYMPUS DIGITAL CAMERA0707.JPG,52.58543014526367,44.282291412353516,44.76354217529297,94.64053210527823
OLYMPUS DIGITAL CAMERA0708.JPG,52.56025314331055,44.498714447021484,44.64142990112305,94.44534504991739
OLYMPUS DIGITAL CAMERA0709.JPG,52.593536376953125,44.282291412353516,45.03929138183594,94.38268687459484
OLYMPUS DIGITAL CAMERA0710.JPG,52.5921516418457,44.43266677856445,44.82439041137695,94.307533442159
OLYMPUS DIGITAL CAMERA0711.JPG,52.624671936035156,44.4461784362793,45.05473709106445,93.94938162807664
OLYMPUS DIGITAL CAMERA0712.JPG,52.58976745605469,44.35724639892578,44.97226333618164,94.18517920254091
OLYMPUS DIGITAL CAMERA0713.JPG,52.63773727416992,44.218570709228516,45.49842071533203,93.78480698210113
OLYMPUS DIGITAL CAMERA0714.JPG,52.72284698486328,44.37102508544922,45.13557434082031,93.94015651918947
OLYMPUS DIGITAL CAMERA0715.JPG,52.231441497802734,44.33869171142578,44.5515022277832,94.99722802336235
OLYMPUS DIGITAL CAMERA0716.JPG,52.58707809448242,44.508209228515625,44.94541931152344,93.97533135444722
OLYMPUS DIGITAL CAMERA0717.JPG,52.63773727416992,44.14441680908203,45.29758071899414,94.2308044913898
OLYMPUS DIGITAL CAMERA0718.JPG,52.49604415893555,44.581878662109375,45.01301193237305,93.7540994685477
OLYMPUS DIGITAL CAMERA0719.JPG,52.70846939086914,44.4461784362793,45.121952056884766,93.83650158198397
OLYMPUS DIGITAL CAMERA0720.JPG,52.74374008178711,44.28484344482422,44.958580017089844,94.50072342604741
OLYMPUS DIGITAL CAMERA0721.JPG,53.84805679321289,45.07780075073242,45.93533706665039,91.87209563465697
OLYMPUS DIGITAL CAMERA0722.JPG,54.413368225097656,45.31016159057617,46.30124282836914,91.15289879058719
OLYMPUS DIGITAL CAMERA0723.JPG,54.660884857177734,45.571475982666016,46.610599517822266,90.38541916907789
OLYMPUS DIGITAL CAMERA0724.JPG,54.285240173339844,45.36783981323242,46.13663101196289,91.28532731765243
